title,original_title,original_title_romanised,image,description,release_date,running_time,rt_score,genre,budget,revenue
Nausicaä de la Vallée du Vent,風の谷のナウシカ,Kaze no Tani no Naushika,https://image.tmdb.org/t/p/w1280/e7lGq33m7ZkE5RRpIQclk6Fjwc8.jpg,"Dans un monde post-apocalyptique, la princesse Nausicaä lutte pour protéger la nature et ses habitants contre la destruction causée par les humains et l'expansion d'une forêt toxique.",1984,117,90,Fantasy,1000000,3301446
Le Château dans le Ciel,天空の城ラピュタ,Tenkū no shiro Rapyuta,https://image.tmdb.org/t/p/w600_and_h900_bestv2/npOnzAbLh6VOIu3naU5QaEcTepo.jpg,"Sheeta, une orpheline dotée d'un cristal magique, s'allie à Pazu et à des pirates du ciel pour trouver le royaume perdu de Laputa et empêcher le maléfique Muska d'utiliser son pouvoir pour dominer le monde.",1986,124,95,Fantasy,3000000,5228752
Mon voisin Totoro,となりのトトロ,Tonari no Totoro,https://image.tmdb.org/t/p/w600_and_h900_bestv2/rtGDOeG9LzoerkDGZF9dnVeLppL.jpg,"Deux sœurs déménagent à la campagne et rencontrent Totoro, une créature magique qui les aide à surmonter les défis de la vie.",1988,86,93,Fantasy,3700000,41000000
Le Tombeau des Lucioles,火垂るの墓,Hotaru no haka ,https://image.tmdb.org/t/p/w600_and_h900_bestv2/qG3RYlIVpTYclR9TYIsy8p7m7AT.jpg,"Pendant la Seconde Guerre mondiale, un garçon et sa sœur luttent pour survivre dans le Japon ravagé par la guerre.",1988,89,97,Drama,3700000,516962
KIki la petite Sorcière,魔女の宅急便,Majo no takkyūbin,https://image.tmdb.org/t/p/w600_and_h900_bestv2/7nO5DUMnGUuXrA4r2h6ESOKQRrx.jpg,Une jeune sorcière ouvre un service de livraison aérienne dans sa quête pour trouver sa place dans le monde.,1989,102,96,Fantasy,6900000,4493017
Souvenirs goutte à goutte,おもひでぽろぽろ,Omoide poro poro,https://image.tmdb.org/t/p/w600_and_h900_bestv2/xjJU6rwzLX7Jk8HFQfVW6H5guMC.jpg,Des vacances à la campagne poussent une femme à réfléchir sur son enfance et à redécouvrir l'importance de ses racines.,1991,118,100,Nostalgia,2500000,473110
Porco Rosso,紅の豚,Kurenai no buta,https://image.tmdb.org/t/p/w600_and_h900_bestv2/byKAndF6KQSDpGxp1mTr23jPbYp.jpg,"Au-dessus de la mer Adriatique, un pilote de chasse de la Première Guerre mondiale, transformé en cochon, cherche à échapper à son passé tout en vivant de nombreuses aventures.",1992,93,94,Adventure,9200000,34100000
Pom Poko,平成狸合戦ぽんぽこ,Heisei tanuki gassen Ponpoko,https://image.tmdb.org/t/p/w600_and_h900_bestv2/kowo9E1e1JcWLXj9cCvAOFZcy5n.jpg,Des tanukis capables de se transformer luttent contre l'urbanisation qui menace leur maison forestière.,1994,119,78,Adventure,,
Je peux entendre l'océan,海がきこえる,Umi ga Kikoeru,https://www.themoviedb.org/t/p/w1280/fSR1LLMIJZ6WcQEkM82yKy4F9vQ.jpg,Un triangle amoureux au lycée se déroule alors que deux étudiants naviguent entre leurs sentiments pour une nouvelle fille dans leur classe.,1994,72,89,Nostalgia,5000000,100000
Si tu tends l'oreille,耳をすませば,Mimi wo sumaseba,https://image.tmdb.org/t/p/w600_and_h900_bestv2/5E3Hvbu0bg38ouYf6chGftVGqZ7.jpg,"Shizuki, passionnée d'écriture, trouve l'inspiration et le courage de suivre ses rêves créatifs.",1995,111,91,Drama,7000000,34900000
Princesse Mononoke,もののけ姫,Mononoke hime,https://image.tmdb.org/t/p/w600_and_h900_bestv2/jHWmNr7m544fJ8eItsfNk8fs2Ed.jpg,"Une malédiction conduit Ashitaka, un prince de la tribu Ainu en voie de disparition, dans une bataille entre les forces humaines et des êtres surnaturels luttant pour la survie de la nature et de ses esprits.",1997,134,92,Fantasy,23500000,169000000
Mes voisins Yamada,ホーホケキョ となりの山田くん,Hōhokekyo tonari no Yamada-kun,https://image.tmdb.org/t/p/w600_and_h900_bestv2/wTGuHmMIBBgKakY80J1D52VvQKI.jpg,"La vie quotidienne d'une famille japonaise ordinaire, ponctuée de moments émouvants et humoristiques.",1999,104,75,Comedy,20500000,167000000
Le Voyage de Chihiro,千と千尋の神隠し,Sen to Chihiro no kamikakushi,https://image.tmdb.org/t/p/w600_and_h900_bestv2/39wmItIWsg5sZMyRUHLkWBcuVCM.jpg,"Piégée dans un monde mystérieux peuplé d'esprits, Chihiro doit naviguer à travers des êtres étranges et magiques pour sauver ses parents, transformés en cochons, et retrouver son chemin vers chez elle.",2001,124,97,Fantasy,19000000,274925095
Le Royaume des Chats,猫の恩返し,Neko no ongaeshi,https://image.tmdb.org/t/p/w600_and_h900_bestv2/avPMO5cnaGHgLaNiAIhy33WoQLm.jpg,"Haru, une collégienne lassée de sa routine ordinaire, sauve la vie d'un chat inhabituel et se retrouve transportée dans un voyage inattendu vers le Royaume des Chats.",2002,75,89,Comedy,20000000,54016370
Le Château Ambulant,ハウルの動く城,Hauru no ugoku shiro,https://image.tmdb.org/t/p/w600_and_h900_bestv2/TkTPELv4kC3u1lkloush8skOjE.jpg,"Maudite par la vieillesse, Sophie cherche refuge dans un château ambulant dirigé par un sorcier mystérieux.",2004,119,87,Fantasy,24000000,236049757
Les Contes de Terremer,ゲド戦記,Gedo senki,https://image.tmdb.org/t/p/w600_and_h900_bestv2/67yYwCPq7NbxSF6BIIXCMD34sY0.jpg,"Un prince et un sorcier, voyageant à travers un monde magique, affrontent des forces obscures menaçant la paix et l'équilibre.",2006,116,41,Drama,22000000,68625104
Ponyo sur la Falaise,崖の上のポニョ,Gake no ue no Ponyo,https://image.tmdb.org/t/p/w600_and_h900_bestv2/mikKSEdk5kLhflWXbp4S5mmHsDo.jpg,"Ponyo, une fille-poisson magique, éprise d'un garçon humain, provoque accidentellement un chaos environnemental en utilisant ses pouvoirs pour perturber l'équilibre de la nature et des océans.",2008,100,92,Fantasy,34000000,202404009
"Arietty, le petit monde des Chapardeurs",借りぐらしのアリエッティ,Karigurashi no Arietti,https://image.tmdb.org/t/p/w600_and_h900_bestv2/oc2OB2KDmSRDMelKEAA1n4YRQL0.jpg,"Vivants cachés sous les planchers, de minuscules ""emprunteurs"" tissent des liens avec un garçon humain, mettant en danger leur monde secret.",2010,94,95,Fantasy,23000000,149480483
La colline aux coquelicots,コクリコ坂から,Kokuriko zaka kara,https://image.tmdb.org/t/p/w600_and_h900_bestv2/rRLYX4RZIyloHSJwvZKAhphAjiB.jpg,Des élèves de Yokohama dans les années 1960 s'efforcent de sauver leur club scolaire tout en découvrant des secrets du passé.,2011,91,83,Nostalgia,22000000,61037844
Le vent se lève,風立ちぬ,Kaze tachinu,https://image.tmdb.org/t/p/w600_and_h900_bestv2/jfwSexzlIzaOgxP9A8bTA6t8YYb.jpg,"Une passion de toute une vie pour le vol inspire l'ingénieur aéronautique japonais Jiro Horikoshi, dont la carrière légendaire inclut la création du chasseur A-6M de la Seconde Guerre mondiale.",2013,126,89,Nostalgia,30000000,117932401
Le conte de la princesse Kaguya,かぐや姫の物語,Kaguya-Hime no Monogatari,https://image.tmdb.org/t/p/w600_and_h900_bestv2/mWRQNlWXYYfd2z4FRm99MsgHgiA.jpg,"Une princesse mystérieuse née d'un tige de bambou, racontée de manière visuellement saisissante et poétique, dans une réinterprétation du conte folklorique japonais.",2013,137,100,Drama,49300000,24366656
Souvenirs de Marnie,思い出のマーニー,Omoide no Marnie,https://image.tmdb.org/t/p/w600_and_h900_bestv2/vug1dvDI1tSa60Z8qjCuUE7ntkO.jpg,"Anna se lie d'amitié avec une mystérieuse fille invisible nommée Marnie, dont les secrets révèlent le passé caché de leur ville.",2014,103,92,Fantasy,,
Le Garçon et le Héron,君たちはどう生きるか,Kimitachi wa Dō Ikiru ka,https://image.tmdb.org/t/p/w1280/f4oZTcfGrVTXKTWg157AwikXqmP.jpg,"Dans un monde magique et onirique, un adolescent en deuil entreprend un voyage pour trouver un héron mystérieux et découvrir sa destinée.",2023,124,97,Fantasy,50000000,294200000