Track Name,Album Name,Popularity
Merry-Go-Round of Life - from 'Howl's Moving Castle',FREEDOM PIANO STORIES 4,66
The Flower Garden,Howl's Moving Castle Soundtrack,64
One Summer Day,Spirited Away Soundtrack,63
You're in Love,Howl's Moving Castle Soundtrack,61
Opening Song - Merry-Go-Round of Life,Howl's Moving Castle Soundtrack,56
A Walk in the Skies,Howl's Moving Castle Soundtrack,54
The Sixth Station,Spirited Away Soundtrack,54
Merry-Go-Round of Life - from 'Howl’s Moving Castle',A Symphonic Celebration - Music from the Studio Ghibli Films of Hayao Miyazaki,53
Day Of The River,Spirited Away Soundtrack,53
In the Rain,Howl's Moving Castle Soundtrack,50
